"Description","Value","Replicate.Name","Area.Value","Area.with.QC","Mz.Value","RT.Value","SN.Value","Alignment.ID","Metabolite.name","Run.Type","SN.Flag","Area.Min.Flag","RT.Flag","Blank.Flag","all.Flags"
"Hello! Welcome to the world of MSDIAL QE Quality Control! ",NA,NA,NA,NA,NA,NA,NA,NA,NA,NA,NA,NA,NA,NA,NA
"Minimum area for a real peak: ",1000,NA,NA,NA,NA,NA,NA,NA,NA,NA,NA,NA,NA,NA,NA
"RT flexibility: ",0.4,NA,NA,NA,NA,NA,NA,NA,NA,NA,NA,NA,NA,NA,NA
"Blank can be this fraction of a sample: ",0.3,NA,NA,NA,NA,NA,NA,NA,NA,NA,NA,NA,NA,NA,NA
"S/N ratio: ",4,NA,NA,NA,NA,NA,NA,NA,NA,NA,NA,NA,NA,NA,NA
"Processed on: ",1575678334.44824,NA,NA,NA,NA,NA,NA,NA,NA,NA,NA,NA,NA,NA,NA
NA,NA,"180920_Blk_SWBlk_1",0,NA,808.119,5.483,NA,3793,"Acetyl CoA","blk",NA,"Area.Min.Flag",NA,"Blank.Flag","Area.Min.Flag, Blank.Flag"
NA,NA,"180920_Blk_SWBlk_2",799,NA,808.119,5.18,NA,3793,"Acetyl CoA","blk",NA,"Area.Min.Flag",NA,NA,"Area.Min.Flag, "
NA,NA,"180920_Blk_SWBlk_3",0,NA,808.119,5.483,NA,3793,"Acetyl CoA","blk",NA,"Area.Min.Flag",NA,"Blank.Flag","Area.Min.Flag, Blank.Flag"
NA,NA,"180920_Poo_Day1and2Poo_Full1",3712,3712,808.119,5.48,NA,3793,"Acetyl CoA","poo",NA,NA,NA,NA,NA
NA,NA,"180920_Poo_Day1and2Poo_Full2",0,NA,808.119,5.483,NA,3793,"Acetyl CoA","poo",NA,"Area.Min.Flag",NA,NA,"Area.Min.Flag, "
NA,NA,"180920_Poo_Day1and2Poo_Full3",5113,5113,808.119,5.483,NA,3793,"Acetyl CoA","poo",NA,NA,NA,NA,NA
NA,NA,"180920_Poo_Day1and2Poo_Full4",4837,4837,808.119,5.484,NA,3793,"Acetyl CoA","poo",NA,NA,NA,NA,NA
NA,NA,"180920_Poo_Day1and2Poo_Full5",5945,5945,808.119,5.49,NA,3793,"Acetyl CoA","poo",NA,NA,NA,NA,NA
NA,NA,"180920_Poo_Day1and2Poo_Half1",2481,2481,808.119,5.495,NA,3793,"Acetyl CoA","poo",NA,NA,NA,NA,NA
NA,NA,"180920_Poo_Day1and2Poo_Half2",0,NA,808.119,5.483,NA,3793,"Acetyl CoA","poo",NA,"Area.Min.Flag",NA,NA,"Area.Min.Flag, "
NA,NA,"180920_Poo_Day1and2Poo_Half3",3401,3401,808.119,5.488,NA,3793,"Acetyl CoA","poo",NA,NA,NA,NA,NA
NA,NA,"180920_Poo_Day1and2Poo_Half4",4478,4478,808.119,5.493,NA,3793,"Acetyl CoA","poo",NA,NA,NA,NA,NA
NA,NA,"180920_Poo_Day1and2Poo_Half5",3201,3201,808.119,5.485,NA,3793,"Acetyl CoA","poo",NA,NA,NA,NA,NA
NA,NA,"180920_Poo_Day1Poo_DDAneg20",2755,2755,808.119,5.505,NA,3793,"Acetyl CoA","poo",NA,NA,NA,NA,NA
NA,NA,"180920_Poo_Day1Poo_DDAneg35",4083,4083,808.119,5.495,NA,3793,"Acetyl CoA","poo",NA,NA,NA,NA,NA
NA,NA,"180920_Poo_Day1Poo_DDAneg50",2314,2314,808.119,5.484,NA,3793,"Acetyl CoA","poo",NA,NA,NA,NA,NA
NA,NA,"180920_Poo_MesoScopeQC_1",10853,10853,808.119,5.482,NA,3793,"Acetyl CoA","poo",NA,NA,NA,NA,NA
NA,NA,"180920_Poo_MesoScopeQC_2",686,NA,808.119,5.526,NA,3793,"Acetyl CoA","poo",NA,"Area.Min.Flag",NA,NA,"Area.Min.Flag, "
NA,NA,"180920_Poo_MesoScopeQC_3",13800,13800,808.119,5.493,NA,3793,"Acetyl CoA","poo",NA,NA,NA,NA,NA
NA,NA,"180920_Poo_MesoScopeQC_4",10213,10213,808.119,5.49,NA,3793,"Acetyl CoA","poo",NA,NA,NA,NA,NA
NA,NA,"180920_Poo_MesoScopeQC_5",12572,12572,808.119,5.49,NA,3793,"Acetyl CoA","poo",NA,NA,NA,NA,NA
NA,NA,"180920_Smp_MS4C1DCM_A",16680,16680,808.119,5.484,NA,3793,"Acetyl CoA","smp",NA,NA,NA,NA,NA
NA,NA,"180920_Smp_MS4C1DCM_B",4378,4378,808.119,5.486,NA,3793,"Acetyl CoA","smp",NA,NA,NA,NA,NA
NA,NA,"180920_Smp_MS4C1DCM_C",14011,14011,808.119,5.478,NA,3793,"Acetyl CoA","smp",NA,NA,NA,NA,NA
NA,NA,"180920_Smp_MS4C115m_A",7965,7965,808.119,5.489,NA,3793,"Acetyl CoA","smp",NA,NA,NA,NA,NA
NA,NA,"180920_Smp_MS4C115m_B",18438,18438,808.119,5.488,NA,3793,"Acetyl CoA","smp",NA,NA,NA,NA,NA
NA,NA,"180920_Smp_MS4C115m_C",9528,9528,808.119,5.494,NA,3793,"Acetyl CoA","smp",NA,NA,NA,NA,NA
NA,NA,"180920_Smp_MS4C1175m_A",0,NA,808.119,5.483,NA,3793,"Acetyl CoA","smp",NA,"Area.Min.Flag",NA,NA,"Area.Min.Flag, "
NA,NA,"180920_Smp_MS4C1175m_B",1520,1520,808.119,5.493,NA,3793,"Acetyl CoA","smp",NA,NA,NA,NA,NA
NA,NA,"180920_Smp_MS4C1175m_C",516,NA,808.119,5.028,NA,3793,"Acetyl CoA","smp",NA,"Area.Min.Flag",NA,NA,"Area.Min.Flag, "
NA,NA,"180920_Smp_MS5C1DCM_A",14203,14203,808.119,5.481,NA,3793,"Acetyl CoA","smp",NA,NA,NA,NA,NA
NA,NA,"180920_Smp_MS5C1DCM_B",10098,10098,808.119,5.484,NA,3793,"Acetyl CoA","smp",NA,NA,NA,NA,NA
NA,NA,"180920_Smp_MS5C1DCM_C",16547,16547,808.119,5.489,NA,3793,"Acetyl CoA","smp",NA,NA,NA,NA,NA
NA,NA,"180920_Smp_MS5C115m_A",14230,14230,808.119,5.482,NA,3793,"Acetyl CoA","smp",NA,NA,NA,NA,NA
NA,NA,"180920_Smp_MS5C115m_B",3897,3897,808.119,5.502,NA,3793,"Acetyl CoA","smp",NA,NA,NA,NA,NA
NA,NA,"180920_Smp_MS5C115m_C",22571,22571,808.119,5.487,NA,3793,"Acetyl CoA","smp",NA,NA,NA,NA,NA
NA,NA,"180920_Smp_MS5C1175m_A",826,NA,808.119,5.499,NA,3793,"Acetyl CoA","smp",NA,"Area.Min.Flag",NA,NA,"Area.Min.Flag, "
NA,NA,"180920_Smp_MS5C1175m_B",5395,5395,808.119,5.485,NA,3793,"Acetyl CoA","smp",NA,NA,NA,NA,NA
NA,NA,"180920_Smp_MS5C1175m_C",3633,3633,808.119,5.482,NA,3793,"Acetyl CoA","smp",NA,NA,NA,NA,NA
NA,NA,"180920_Smp_MS6C3DCM_A",10859,10859,808.119,5.485,NA,3793,"Acetyl CoA","smp",NA,NA,NA,NA,NA
NA,NA,"180920_Smp_MS6C3DCM_B",2177,2177,808.119,5.506,NA,3793,"Acetyl CoA","smp",NA,NA,NA,NA,NA
NA,NA,"180920_Smp_MS6C3DCM_C",17937,17937,808.119,5.482,NA,3793,"Acetyl CoA","smp",NA,NA,NA,NA,NA
NA,NA,"180920_Smp_MS6C315m_A",27563,27563,808.12,5.486,NA,3793,"Acetyl CoA","smp",NA,NA,NA,NA,NA
NA,NA,"180920_Smp_MS6C315m_B",25018,25018,808.12,5.485,NA,3793,"Acetyl CoA","smp",NA,NA,NA,NA,NA
NA,NA,"180920_Smp_MS6C315m_C",18628,18628,808.12,5.486,NA,3793,"Acetyl CoA","smp",NA,NA,NA,NA,NA
NA,NA,"180920_Smp_MS6C3175m_A",4595,4595,808.119,5.485,NA,3793,"Acetyl CoA","smp",NA,NA,NA,NA,NA
NA,NA,"180920_Smp_MS6C3175m_B",5404,5404,808.119,5.492,NA,3793,"Acetyl CoA","smp",NA,NA,NA,NA,NA
NA,NA,"180920_Smp_MS6C3175m_C",2872,2872,808.119,5.495,NA,3793,"Acetyl CoA","smp",NA,NA,NA,NA,NA
NA,NA,"180920_Smp_MS7C1DCM_A",3344,3344,808.119,5.466,NA,3793,"Acetyl CoA","smp",NA,NA,NA,NA,NA
NA,NA,"180920_Smp_MS7C1DCM_B",16003,16003,808.119,5.483,NA,3793,"Acetyl CoA","smp",NA,NA,NA,NA,NA
NA,NA,"180920_Smp_MS7C1DCM_C",19298,19298,808.119,5.487,NA,3793,"Acetyl CoA","smp",NA,NA,NA,NA,NA
NA,NA,"180920_Smp_MS7C115m_A",18471,18471,808.119,5.484,NA,3793,"Acetyl CoA","smp",NA,NA,NA,NA,NA
NA,NA,"180920_Smp_MS7C115m_B",9015,9015,808.119,5.498,NA,3793,"Acetyl CoA","smp",NA,NA,NA,NA,NA
NA,NA,"180920_Smp_MS7C115m_C",18871,18871,808.119,5.489,NA,3793,"Acetyl CoA","smp",NA,NA,NA,NA,NA
NA,NA,"180920_Smp_MS7C1175m_A",4809,4809,808.119,5.488,NA,3793,"Acetyl CoA","smp",NA,NA,NA,NA,NA
NA,NA,"180920_Smp_MS7C1175m_B",474,NA,808.119,5.502,NA,3793,"Acetyl CoA","smp",NA,"Area.Min.Flag",NA,NA,"Area.Min.Flag, "
NA,NA,"180920_Smp_MS7C1175m_C",3918,3918,808.119,5.486,NA,3793,"Acetyl CoA","smp",NA,NA,NA,NA,NA
NA,NA,"180920_Smp_MS8C1DCM_A",13326,13326,808.119,5.492,NA,3793,"Acetyl CoA","smp",NA,NA,NA,NA,NA
NA,NA,"180920_Smp_MS8C1DCM_B",16890,16890,808.119,5.486,NA,3793,"Acetyl CoA","smp",NA,NA,NA,NA,NA
NA,NA,"180920_Smp_MS8C1DCM_C",7805,7805,808.119,5.475,NA,3793,"Acetyl CoA","smp",NA,NA,NA,NA,NA
NA,NA,"180920_Smp_MS8C115m_A",15046,15046,808.119,5.492,NA,3793,"Acetyl CoA","smp",NA,NA,NA,NA,NA
NA,NA,"180920_Smp_MS8C115m_B",1394,1394,808.119,5.507,NA,3793,"Acetyl CoA","smp",NA,NA,NA,NA,NA
NA,NA,"180920_Smp_MS8C115m_C",21322,21322,808.119,5.49,NA,3793,"Acetyl CoA","smp",NA,NA,NA,NA,NA
NA,NA,"180920_Smp_MS8C1175m_A",2999,2999,808.119,5.481,NA,3793,"Acetyl CoA","smp",NA,NA,NA,NA,NA
NA,NA,"180920_Smp_MS8C1175m_B",4819,4819,808.119,5.493,NA,3793,"Acetyl CoA","smp",NA,NA,NA,NA,NA
NA,NA,"180920_Smp_MS8C1175m_C",5271,5271,808.119,5.492,NA,3793,"Acetyl CoA","smp",NA,NA,NA,NA,NA
NA,NA,"180920_Smp_MS9C2DCM_A",16366,16366,808.119,5.486,NA,3793,"Acetyl CoA","smp",NA,NA,NA,NA,NA
NA,NA,"180920_Smp_MS9C2DCM_B",3315,3315,808.119,5.522,NA,3793,"Acetyl CoA","smp",NA,NA,NA,NA,NA
NA,NA,"180920_Smp_MS9C2DCM_C",21978,21978,808.12,5.489,NA,3793,"Acetyl CoA","smp",NA,NA,NA,NA,NA
NA,NA,"180920_Smp_MS9C215m_A",23755,23755,808.12,5.485,NA,3793,"Acetyl CoA","smp",NA,NA,NA,NA,NA
NA,NA,"180920_Smp_MS9C215m_B",29576,29576,808.12,5.487,NA,3793,"Acetyl CoA","smp",NA,NA,NA,NA,NA
NA,NA,"180920_Smp_MS9C215m_C",22997,22997,808.121,5.485,NA,3793,"Acetyl CoA","smp",NA,NA,NA,NA,NA
NA,NA,"180920_Smp_MS9C2175m_A",4486,4486,808.119,5.482,NA,3793,"Acetyl CoA","smp",NA,NA,NA,NA,NA
NA,NA,"180920_Smp_MS9C2175m_B",6569,6569,808.119,5.485,NA,3793,"Acetyl CoA","smp",NA,NA,NA,NA,NA
NA,NA,"180920_Smp_MS9C2175m_C",0,NA,808.119,5.483,NA,3793,"Acetyl CoA","smp",NA,"Area.Min.Flag",NA,NA,"Area.Min.Flag, "
NA,NA,"180920_Smp_MS10C2DCM_A",12906,12906,808.119,5.491,NA,3793,"Acetyl CoA","smp",NA,NA,NA,NA,NA
NA,NA,"180920_Smp_MS10C2DCM_B",14878,14878,808.119,5.484,NA,3793,"Acetyl CoA","smp",NA,NA,NA,NA,NA
NA,NA,"180920_Smp_MS10C2DCM_C",22463,22463,808.12,5.481,NA,3793,"Acetyl CoA","smp",NA,NA,NA,NA,NA
NA,NA,"180920_Smp_MS10C215m_A",8793,8793,808.119,5.485,NA,3793,"Acetyl CoA","smp",NA,NA,NA,NA,NA
NA,NA,"180920_Smp_MS10C215m_B",24598,24598,808.12,5.491,NA,3793,"Acetyl CoA","smp",NA,NA,NA,NA,NA
NA,NA,"180920_Smp_MS10C215m_C",23250,23250,808.12,5.49,NA,3793,"Acetyl CoA","smp",NA,NA,NA,NA,NA
NA,NA,"180920_Smp_MS10C2175m_A",2911,2911,808.119,5.486,NA,3793,"Acetyl CoA","smp",NA,NA,NA,NA,NA
NA,NA,"180920_Smp_MS10C2175m_B",1388,1388,808.119,5.479,NA,3793,"Acetyl CoA","smp",NA,NA,NA,NA,NA
NA,NA,"180920_Smp_MS10C2175m_C",519,NA,808.119,5.519,NA,3793,"Acetyl CoA","smp",NA,"Area.Min.Flag",NA,NA,"Area.Min.Flag, "
NA,NA,"180920_Smp_MS11C2DCM_A",11357,11357,808.119,5.49,NA,3793,"Acetyl CoA","smp",NA,NA,NA,NA,NA
NA,NA,"180920_Smp_MS11C2DCM_B",8327,8327,808.119,5.488,NA,3793,"Acetyl CoA","smp",NA,NA,NA,NA,NA
NA,NA,"180920_Smp_MS11C2DCM_C",22059,22059,808.12,5.486,NA,3793,"Acetyl CoA","smp",NA,NA,NA,NA,NA
NA,NA,"180920_Smp_MS11C215m_A",32058,32058,808.119,5.486,NA,3793,"Acetyl CoA","smp",NA,NA,NA,NA,NA
NA,NA,"180920_Smp_MS11C215m_B",5277,5277,808.119,5.517,NA,3793,"Acetyl CoA","smp",NA,NA,NA,NA,NA
NA,NA,"180920_Smp_MS11C215m_C",16985,16985,808.119,5.488,NA,3793,"Acetyl CoA","smp",NA,NA,NA,NA,NA
NA,NA,"180920_Smp_MS11C2175m_A",1622,1622,808.119,5.477,NA,3793,"Acetyl CoA","smp",NA,NA,NA,NA,NA
NA,NA,"180920_Smp_MS11C2175m_B",0,NA,808.119,5.483,NA,3793,"Acetyl CoA","smp",NA,"Area.Min.Flag",NA,NA,"Area.Min.Flag, "
NA,NA,"180920_Smp_MS11C2175m_C",545,NA,808.119,5.543,NA,3793,"Acetyl CoA","smp",NA,"Area.Min.Flag",NA,NA,"Area.Min.Flag, "
NA,NA,"180920_Smp_MS12C1DCM_A",2298,2298,808.119,5.52,NA,3793,"Acetyl CoA","smp",NA,NA,NA,NA,NA
NA,NA,"180920_Smp_MS12C1DCM_B",25816,25816,808.12,5.486,NA,3793,"Acetyl CoA","smp",NA,NA,NA,NA,NA
NA,NA,"180920_Smp_MS12C1DCM_C",21110,21110,808.12,5.48,NA,3793,"Acetyl CoA","smp",NA,NA,NA,NA,NA
NA,NA,"180920_Smp_MS12C115m_A",19190,19190,808.121,5.482,NA,3793,"Acetyl CoA","smp",NA,NA,NA,NA,NA
NA,NA,"180920_Smp_MS12C115m_B",33807,33807,808.121,5.489,NA,3793,"Acetyl CoA","smp",NA,NA,NA,NA,NA
NA,NA,"180920_Smp_MS12C115m_C",30872,30872,808.12,5.48,NA,3793,"Acetyl CoA","smp",NA,NA,NA,NA,NA
NA,NA,"180920_Smp_MS12C1175m_A",674,NA,808.119,5.815,NA,3793,"Acetyl CoA","smp",NA,"Area.Min.Flag",NA,NA,"Area.Min.Flag, "
NA,NA,"180920_Smp_MS12C1175m_B",590,NA,808.119,5.439,NA,3793,"Acetyl CoA","smp",NA,"Area.Min.Flag",NA,NA,"Area.Min.Flag, "
NA,NA,"180920_Smp_MS12C1175m_C",1097,1097,808.119,5.481,NA,3793,"Acetyl CoA","smp",NA,NA,NA,NA,NA
NA,NA,"180920_Smp_MS13C2DCM_A",18398,18398,808.119,5.489,NA,3793,"Acetyl CoA","smp",NA,NA,NA,NA,NA
NA,NA,"180920_Smp_MS13C2DCM_B",14813,14813,808.119,5.488,NA,3793,"Acetyl CoA","smp",NA,NA,NA,NA,NA
NA,NA,"180920_Smp_MS13C2DCM_C",14458,14458,808.119,5.485,NA,3793,"Acetyl CoA","smp",NA,NA,NA,NA,NA
NA,NA,"180920_Smp_MS13C315m_A",18434,18434,808.12,5.491,NA,3793,"Acetyl CoA","smp",NA,NA,NA,NA,NA
NA,NA,"180920_Smp_MS13C315m_B",9776,9776,808.119,5.493,NA,3793,"Acetyl CoA","smp",NA,NA,NA,NA,NA
NA,NA,"180920_Smp_MS13C315m_C",24431,24431,808.12,5.481,NA,3793,"Acetyl CoA","smp",NA,NA,NA,NA,NA
NA,NA,"180920_Smp_MS13C2175m_A",0,NA,808.119,5.483,NA,3793,"Acetyl CoA","smp",NA,"Area.Min.Flag",NA,NA,"Area.Min.Flag, "
NA,NA,"180920_Smp_MS13C2175m_B",3265,3265,808.119,5.489,NA,3793,"Acetyl CoA","smp",NA,NA,NA,NA,NA
NA,NA,"180920_Smp_MS13C2175m_C",1226,1226,808.119,5.484,NA,3793,"Acetyl CoA","smp",NA,NA,NA,NA,NA
NA,NA,"180920_Smp_MS14C2DCM_A",2684,2684,808.119,5.517,NA,3793,"Acetyl CoA","smp",NA,NA,NA,NA,NA
NA,NA,"180920_Smp_MS14C2DCM_B",17957,17957,808.119,5.485,NA,3793,"Acetyl CoA","smp",NA,NA,NA,NA,NA
NA,NA,"180920_Smp_MS14C2DCM_C",25005,25005,808.121,5.487,NA,3793,"Acetyl CoA","smp",NA,NA,NA,NA,NA
NA,NA,"180920_Smp_MS14C215m_A",25594,25594,808.12,5.489,NA,3793,"Acetyl CoA","smp",NA,NA,NA,NA,NA
NA,NA,"180920_Smp_MS14C215m_B",27005,27005,808.12,5.487,NA,3793,"Acetyl CoA","smp",NA,NA,NA,NA,NA
NA,NA,"180920_Smp_MS14C215m_C",27367,27367,808.121,5.491,NA,3793,"Acetyl CoA","smp",NA,NA,NA,NA,NA
NA,NA,"180920_Smp_MS14C2175m_A",8919,8919,808.119,5.475,NA,3793,"Acetyl CoA","smp",NA,NA,NA,NA,NA
NA,NA,"180920_Smp_MS14C2175m_B",8926,8926,808.119,5.484,NA,3793,"Acetyl CoA","smp",NA,NA,NA,NA,NA
NA,NA,"180920_Smp_MS14C2175m_C",1991,1991,808.119,5.576,NA,3793,"Acetyl CoA","smp",NA,NA,NA,NA,NA
NA,NA,"180920_Std_4uMStdMix4InH2O_1",17883748,17883748,808.12,5.461,NA,3793,"Acetyl CoA","std",NA,NA,NA,NA,NA
NA,NA,"180920_Std_4uMStdMix4InH2O_2",25104512,25104512,808.119,5.466,NA,3793,"Acetyl CoA","std",NA,NA,NA,NA,NA
NA,NA,"180920_Std_4uMStdMix4InMatrix_1",17331960,17331960,808.12,5.472,NA,3793,"Acetyl CoA","std",NA,NA,NA,NA,NA
NA,NA,"180920_Std_4uMStdMix4InMatrix_2",16943274,16943274,808.12,5.47,NA,3793,"Acetyl CoA","std",NA,NA,NA,NA,NA
NA,NA,"180920_Std_H2OinMatrix_1",0,NA,808.119,5.483,NA,3793,"Acetyl CoA","std",NA,"Area.Min.Flag",NA,NA,"Area.Min.Flag, "
NA,NA,"180920_Std_H2OinMatrix_2",889,NA,808.119,5.477,NA,3793,"Acetyl CoA","std",NA,"Area.Min.Flag",NA,NA,"Area.Min.Flag, "
NA,NA,"180920_Blk_SWBlk_1",2138957,2138957,810.127,5.489,1126.63,3799,"Acetyl CoA, 13C2","blk",NA,NA,NA,NA,NA
NA,NA,"180920_Blk_SWBlk_2",2901210,2901210,810.127,5.482,1356.295,3799,"Acetyl CoA, 13C2","blk",NA,NA,NA,NA,NA
NA,NA,"180920_Blk_SWBlk_3",2646052,2646052,810.127,5.48,1777.324,3799,"Acetyl CoA, 13C2","blk",NA,NA,NA,NA,NA
NA,NA,"180920_Poo_Day1and2Poo_Full1",1923911,1923911,810.127,5.48,652.0282,3799,"Acetyl CoA, 13C2","poo",NA,NA,NA,NA,NA
NA,NA,"180920_Poo_Day1and2Poo_Full2",483819,483819,810.127,5.504,414.1682,3799,"Acetyl CoA, 13C2","poo",NA,NA,NA,NA,NA
NA,NA,"180920_Poo_Day1and2Poo_Full3",1661476,1661476,810.127,5.483,1111.025,3799,"Acetyl CoA, 13C2","poo",NA,NA,NA,NA,NA
NA,NA,"180920_Poo_Day1and2Poo_Full4",1615521,1615521,810.127,5.484,1034.626,3799,"Acetyl CoA, 13C2","poo",NA,NA,NA,NA,NA
NA,NA,"180920_Poo_Day1and2Poo_Full5",1537379,1537379,810.127,5.482,556.3076,3799,"Acetyl CoA, 13C2","poo",NA,NA,NA,NA,NA
NA,NA,"180920_Poo_Day1and2Poo_Half1",1549369,1549369,810.127,5.481,635.1659,3799,"Acetyl CoA, 13C2","poo",NA,NA,NA,NA,NA
NA,NA,"180920_Poo_Day1and2Poo_Half2",545204,545204,810.128,5.508,450.4419,3799,"Acetyl CoA, 13C2","poo",NA,NA,NA,NA,NA
NA,NA,"180920_Poo_Day1and2Poo_Half3",1236297,1236297,810.128,5.488,777.7966,3799,"Acetyl CoA, 13C2","poo",NA,NA,NA,NA,NA
NA,NA,"180920_Poo_Day1and2Poo_Half4",1151370,1151370,810.127,5.485,887.969,3799,"Acetyl CoA, 13C2","poo",NA,NA,NA,NA,NA
NA,NA,"180920_Poo_Day1and2Poo_Half5",1100097,1100097,810.127,5.485,539.3696,3799,"Acetyl CoA, 13C2","poo",NA,NA,NA,NA,NA
NA,NA,"180920_Poo_Day1Poo_DDAneg20",2171023,2171023,810.128,5.487,818.7128,3799,"Acetyl CoA, 13C2","poo",NA,NA,NA,NA,NA
NA,NA,"180920_Poo_Day1Poo_DDAneg35",2053323,2053323,810.128,5.489,654.5823,3799,"Acetyl CoA, 13C2","poo",NA,NA,NA,NA,NA
NA,NA,"180920_Poo_Day1Poo_DDAneg50",2021467,2021467,810.128,5.484,698.2634,3799,"Acetyl CoA, 13C2","poo",NA,NA,NA,NA,NA
NA,NA,"180920_Poo_MesoScopeQC_1",2459076,2459076,810.127,5.482,788.7244,3799,"Acetyl CoA, 13C2","poo",NA,NA,NA,NA,NA
NA,NA,"180920_Poo_MesoScopeQC_2",615581,615581,810.127,5.516,589.6743,3799,"Acetyl CoA, 13C2","poo",NA,NA,NA,NA,NA
NA,NA,"180920_Poo_MesoScopeQC_3",2061475,2061475,810.128,5.485,914.4027,3799,"Acetyl CoA, 13C2","poo",NA,NA,NA,NA,NA
NA,NA,"180920_Poo_MesoScopeQC_4",1979460,1979460,810.127,5.49,1071.5,3799,"Acetyl CoA, 13C2","poo",NA,NA,NA,NA,NA
NA,NA,"180920_Poo_MesoScopeQC_5",1968617,1968617,810.127,5.49,1494.785,3799,"Acetyl CoA, 13C2","poo",NA,NA,NA,NA,NA
NA,NA,"180920_Smp_MS4C1DCM_A",3114248,3114248,810.127,5.484,1729.817,3799,"Acetyl CoA, 13C2","smp",NA,NA,NA,NA,NA
NA,NA,"180920_Smp_MS4C1DCM_B",1470443,1470443,810.128,5.494,762.7231,3799,"Acetyl CoA, 13C2","smp",NA,NA,NA,NA,NA
NA,NA,"180920_Smp_MS4C1DCM_C",3273858,3273858,810.127,5.485,1825.076,3799,"Acetyl CoA, 13C2","smp",NA,NA,NA,NA,NA
NA,NA,"180920_Smp_MS4C115m_A",2562946,2562946,810.127,5.483,723.5583,3799,"Acetyl CoA, 13C2","smp",NA,NA,NA,NA,NA
NA,NA,"180920_Smp_MS4C115m_B",2967686,2967686,810.127,5.488,1525.601,3799,"Acetyl CoA, 13C2","smp",NA,NA,NA,NA,NA
NA,NA,"180920_Smp_MS4C115m_C",2422336,2422336,810.127,5.487,894.1251,3799,"Acetyl CoA, 13C2","smp",NA,NA,NA,NA,NA
NA,NA,"180920_Smp_MS4C1175m_A",1890395,1890395,810.128,5.572,775.7358,3799,"Acetyl CoA, 13C2","smp",NA,NA,NA,NA,NA
NA,NA,"180920_Smp_MS4C1175m_B",2847825,2847825,810.128,5.486,1488.613,3799,"Acetyl CoA, 13C2","smp",NA,NA,NA,NA,NA
NA,NA,"180920_Smp_MS4C1175m_C",3502700,3502700,810.127,5.483,2314.001,3799,"Acetyl CoA, 13C2","smp",NA,NA,NA,NA,NA
NA,NA,"180920_Smp_MS5C1DCM_A",3536110,3536110,810.127,5.481,1993.343,3799,"Acetyl CoA, 13C2","smp",NA,NA,NA,NA,NA
NA,NA,"180920_Smp_MS5C1DCM_B",2697206,2697206,810.127,5.484,934.2032,3799,"Acetyl CoA, 13C2","smp",NA,NA,NA,NA,NA
NA,NA,"180920_Smp_MS5C1DCM_C",4449821,4449821,810.127,5.489,2622.84,3799,"Acetyl CoA, 13C2","smp",NA,NA,NA,NA,NA
NA,NA,"180920_Smp_MS5C115m_A",3293786,3293786,810.127,5.482,2851.897,3799,"Acetyl CoA, 13C2","smp",NA,NA,NA,NA,NA
NA,NA,"180920_Smp_MS5C115m_B",1253782,1253782,810.127,5.502,455.3586,3799,"Acetyl CoA, 13C2","smp",NA,NA,NA,NA,NA
NA,NA,"180920_Smp_MS5C115m_C",3237592,3237592,810.128,5.487,2207.38,3799,"Acetyl CoA, 13C2","smp",NA,NA,NA,NA,NA
NA,NA,"180920_Smp_MS5C1175m_A",2998517,2998517,810.128,5.499,1062.729,3799,"Acetyl CoA, 13C2","smp",NA,NA,NA,NA,NA
NA,NA,"180920_Smp_MS5C1175m_B",3641751,3641751,810.128,5.485,2521.215,3799,"Acetyl CoA, 13C2","smp",NA,NA,NA,NA,NA
NA,NA,"180920_Smp_MS5C1175m_C",2749655,2749655,810.127,5.482,1197.719,3799,"Acetyl CoA, 13C2","smp",NA,NA,NA,NA,NA
NA,NA,"180920_Smp_MS6C3DCM_A",2932757,2932757,810.128,5.485,1411.454,3799,"Acetyl CoA, 13C2","smp",NA,NA,NA,NA,NA
NA,NA,"180920_Smp_MS6C3DCM_B",1238678,1238678,810.128,5.506,801.5534,3799,"Acetyl CoA, 13C2","smp",NA,NA,NA,NA,NA
NA,NA,"180920_Smp_MS6C3DCM_C",3334319,3334319,810.127,5.482,1053.63,3799,"Acetyl CoA, 13C2","smp",NA,NA,NA,NA,NA
NA,NA,"180920_Smp_MS6C315m_A",3653464,3653464,810.128,5.486,1977.06,3799,"Acetyl CoA, 13C2","smp",NA,NA,NA,NA,NA
NA,NA,"180920_Smp_MS6C315m_B",3627538,3627538,810.127,5.485,2375.739,3799,"Acetyl CoA, 13C2","smp",NA,NA,NA,NA,NA
NA,NA,"180920_Smp_MS6C315m_C",3222118,3222118,810.128,5.486,1870.527,3799,"Acetyl CoA, 13C2","smp",NA,NA,NA,NA,NA
NA,NA,"180920_Smp_MS6C3175m_A",2725232,2725232,810.127,5.485,1429.574,3799,"Acetyl CoA, 13C2","smp",NA,NA,NA,NA,NA
NA,NA,"180920_Smp_MS6C3175m_B",2857898,2857898,810.127,5.492,1591.863,3799,"Acetyl CoA, 13C2","smp",NA,NA,NA,NA,NA
NA,NA,"180920_Smp_MS6C3175m_C",2490760,2490760,810.127,5.482,1016.111,3799,"Acetyl CoA, 13C2","smp",NA,NA,NA,NA,NA
NA,NA,"180920_Smp_MS7C1DCM_A",1025473,1025473,810.127,5.475,755.2009,3799,"Acetyl CoA, 13C2","smp",NA,NA,NA,NA,NA
NA,NA,"180920_Smp_MS7C1DCM_B",3580166,3580166,810.127,5.483,2901.851,3799,"Acetyl CoA, 13C2","smp",NA,NA,NA,NA,NA
NA,NA,"180920_Smp_MS7C1DCM_C",3026199,3026199,810.127,5.487,1687.704,3799,"Acetyl CoA, 13C2","smp",NA,NA,NA,NA,NA
NA,NA,"180920_Smp_MS7C115m_A",3235355,3235355,810.127,5.484,2096.992,3799,"Acetyl CoA, 13C2","smp",NA,NA,NA,NA,NA
NA,NA,"180920_Smp_MS7C115m_B",2673608,2673608,810.127,5.486,749.5564,3799,"Acetyl CoA, 13C2","smp",NA,NA,NA,NA,NA
NA,NA,"180920_Smp_MS7C115m_C",3140090,3140090,810.127,5.489,1732.119,3799,"Acetyl CoA, 13C2","smp",NA,NA,NA,NA,NA
NA,NA,"180920_Smp_MS7C1175m_A",3354556,3354556,810.127,5.488,1595.376,3799,"Acetyl CoA, 13C2","smp",NA,NA,NA,NA,NA
NA,NA,"180920_Smp_MS7C1175m_B",871026,871026,810.128,5.51,676.3281,3799,"Acetyl CoA, 13C2","smp",NA,NA,NA,NA,NA
NA,NA,"180920_Smp_MS7C1175m_C",3514791,3514791,810.127,5.486,1458.16,3799,"Acetyl CoA, 13C2","smp",NA,NA,NA,NA,NA
NA,NA,"180920_Smp_MS8C1DCM_A",2814560,2814560,810.127,5.485,1758.677,3799,"Acetyl CoA, 13C2","smp",NA,NA,NA,NA,NA
NA,NA,"180920_Smp_MS8C1DCM_B",4684556,4684556,810.127,5.486,2692.134,3799,"Acetyl CoA, 13C2","smp",NA,NA,NA,NA,NA
NA,NA,"180920_Smp_MS8C1DCM_C",2351638,2351638,810.127,5.488,1189.825,3799,"Acetyl CoA, 13C2","smp",NA,NA,NA,NA,NA
NA,NA,"180920_Smp_MS8C115m_A",3179439,3179439,810.127,5.484,1637.199,3799,"Acetyl CoA, 13C2","smp",NA,NA,NA,NA,NA
NA,NA,"180920_Smp_MS8C115m_B",804796,804796,810.128,5.507,704.4399,3799,"Acetyl CoA, 13C2","smp",NA,NA,NA,NA,NA
NA,NA,"180920_Smp_MS8C115m_C",3080432,3080432,810.127,5.49,1810.651,3799,"Acetyl CoA, 13C2","smp",NA,NA,NA,NA,NA
NA,NA,"180920_Smp_MS8C1175m_A",3280664,3280664,810.127,5.488,2402.533,3799,"Acetyl CoA, 13C2","smp",NA,NA,NA,NA,NA
NA,NA,"180920_Smp_MS8C1175m_B",6249590,6249590,810.127,5.479,3500.393,3799,"Acetyl CoA, 13C2","smp",NA,NA,NA,NA,NA
NA,NA,"180920_Smp_MS8C1175m_C",3823997,3823997,810.127,5.485,2637.596,3799,"Acetyl CoA, 13C2","smp",NA,NA,NA,NA,NA
NA,NA,"180920_Smp_MS9C2DCM_A",3669072,3669072,810.127,5.486,1828.918,3799,"Acetyl CoA, 13C2","smp",NA,NA,NA,NA,NA
NA,NA,"180920_Smp_MS9C2DCM_B",907398,907398,810.127,5.514,795.075,3799,"Acetyl CoA, 13C2","smp",NA,NA,NA,NA,NA
NA,NA,"180920_Smp_MS9C2DCM_C",3967068,3967068,810.127,5.489,2129.206,3799,"Acetyl CoA, 13C2","smp",NA,NA,NA,NA,NA
NA,NA,"180920_Smp_MS9C215m_A",3450767,3450767,810.127,5.485,2581.554,3799,"Acetyl CoA, 13C2","smp",NA,NA,NA,NA,NA
NA,NA,"180920_Smp_MS9C215m_B",3415792,3415792,810.127,5.487,2417.92,3799,"Acetyl CoA, 13C2","smp",NA,NA,NA,NA,NA
NA,NA,"180920_Smp_MS9C215m_C",3085596,3085596,810.127,5.485,2387.269,3799,"Acetyl CoA, 13C2","smp",NA,NA,NA,NA,NA
NA,NA,"180920_Smp_MS9C2175m_A",2992030,2992030,810.127,5.489,1340.676,3799,"Acetyl CoA, 13C2","smp",NA,NA,NA,NA,NA
NA,NA,"180920_Smp_MS9C2175m_B",3482503,3482503,810.127,5.485,1864.919,3799,"Acetyl CoA, 13C2","smp",NA,NA,NA,NA,NA
NA,NA,"180920_Smp_MS9C2175m_C",2389583,2389583,810.127,5.483,828.6013,3799,"Acetyl CoA, 13C2","smp",NA,NA,NA,NA,NA
NA,NA,"180920_Smp_MS10C2DCM_A",3486579,3486579,810.127,5.483,2183.879,3799,"Acetyl CoA, 13C2","smp",NA,NA,NA,NA,NA
NA,NA,"180920_Smp_MS10C2DCM_B",3352662,3352662,810.127,5.484,2606.381,3799,"Acetyl CoA, 13C2","smp",NA,NA,NA,NA,NA
NA,NA,"180920_Smp_MS10C2DCM_C",3278400,3278400,810.127,5.481,1592.718,3799,"Acetyl CoA, 13C2","smp",NA,NA,NA,NA,NA
NA,NA,"180920_Smp_MS10C215m_A",1604455,1604455,810.128,5.492,821.9424,3799,"Acetyl CoA, 13C2","smp",NA,NA,NA,NA,NA
NA,NA,"180920_Smp_MS10C215m_B",3307337,3307337,810.127,5.491,1395.597,3799,"Acetyl CoA, 13C2","smp",NA,NA,NA,NA,NA
NA,NA,"180920_Smp_MS10C215m_C",3675257,3675257,810.127,5.49,2770.367,3799,"Acetyl CoA, 13C2","smp",NA,NA,NA,NA,NA
NA,NA,"180920_Smp_MS10C2175m_A",3098956,3098956,810.127,5.486,2353.271,3799,"Acetyl CoA, 13C2","smp",NA,NA,NA,NA,NA
NA,NA,"180920_Smp_MS10C2175m_B",2857986,2857986,810.127,5.486,1559.497,3799,"Acetyl CoA, 13C2","smp",NA,NA,NA,NA,NA
NA,NA,"180920_Smp_MS10C2175m_C",939754,939754,810.127,5.519,887.707,3799,"Acetyl CoA, 13C2","smp",NA,NA,NA,NA,NA
NA,NA,"180920_Smp_MS11C2DCM_A",3087886,3087886,810.127,5.483,2329.031,3799,"Acetyl CoA, 13C2","smp",NA,NA,NA,NA,NA
NA,NA,"180920_Smp_MS11C2DCM_B",1788804,1788804,810.128,5.495,695.7041,3799,"Acetyl CoA, 13C2","smp",NA,NA,NA,NA,NA
NA,NA,"180920_Smp_MS11C2DCM_C",2927902,2927902,810.127,5.486,2586.719,3799,"Acetyl CoA, 13C2","smp",NA,NA,NA,NA,NA
NA,NA,"180920_Smp_MS11C215m_A",3846279,3846279,810.127,5.486,2212.767,3799,"Acetyl CoA, 13C2","smp",NA,NA,NA,NA,NA
NA,NA,"180920_Smp_MS11C215m_B",904042,904042,810.127,5.517,1253.587,3799,"Acetyl CoA, 13C2","smp",NA,NA,NA,NA,NA
NA,NA,"180920_Smp_MS11C215m_C",3332846,3332846,810.127,5.488,1745.809,3799,"Acetyl CoA, 13C2","smp",NA,NA,NA,NA,NA
NA,NA,"180920_Smp_MS11C2175m_A",2998700,2998700,810.127,5.484,1962.381,3799,"Acetyl CoA, 13C2","smp",NA,NA,NA,NA,NA
NA,NA,"180920_Smp_MS11C2175m_B",2275151,2275151,810.128,5.488,1103.899,3799,"Acetyl CoA, 13C2","smp",NA,NA,NA,NA,NA
NA,NA,"180920_Smp_MS11C2175m_C",1707130,1707130,810.127,5.487,1654.266,3799,"Acetyl CoA, 13C2","smp",NA,NA,NA,NA,NA
NA,NA,"180920_Smp_MS12C1DCM_A",590590,590590,810.127,5.52,815.5146,3799,"Acetyl CoA, 13C2","smp",NA,NA,NA,NA,NA
NA,NA,"180920_Smp_MS12C1DCM_B",3638301,3638301,810.127,5.486,1740.95,3799,"Acetyl CoA, 13C2","smp",NA,NA,NA,NA,NA
NA,NA,"180920_Smp_MS12C1DCM_C",3193336,3193336,810.127,5.48,2202.139,3799,"Acetyl CoA, 13C2","smp",NA,NA,NA,NA,NA
NA,NA,"180920_Smp_MS12C115m_A",2882904,2882904,810.127,5.482,1321.202,3799,"Acetyl CoA, 13C2","smp",NA,NA,NA,NA,NA
NA,NA,"180920_Smp_MS12C115m_B",4097452,4097452,810.127,5.489,2776.806,3799,"Acetyl CoA, 13C2","smp",NA,NA,NA,NA,NA
NA,NA,"180920_Smp_MS12C115m_C",3615059,3615059,810.127,5.487,1985.178,3799,"Acetyl CoA, 13C2","smp",NA,NA,NA,NA,NA
NA,NA,"180920_Smp_MS12C1175m_A",1574058,1574058,810.127,5.488,640.8269,3799,"Acetyl CoA, 13C2","smp",NA,NA,NA,NA,NA
NA,NA,"180920_Smp_MS12C1175m_B",2996696,2996696,810.127,5.487,1795.961,3799,"Acetyl CoA, 13C2","smp",NA,NA,NA,NA,NA
NA,NA,"180920_Smp_MS12C1175m_C",3797388,3797388,810.127,5.481,2263.425,3799,"Acetyl CoA, 13C2","smp",NA,NA,NA,NA,NA
NA,NA,"180920_Smp_MS13C2DCM_A",3556441,3556441,810.127,5.482,2226.45,3799,"Acetyl CoA, 13C2","smp",NA,NA,NA,NA,NA
NA,NA,"180920_Smp_MS13C2DCM_B",3777043,3777043,810.127,5.488,2688.317,3799,"Acetyl CoA, 13C2","smp",NA,NA,NA,NA,NA
NA,NA,"180920_Smp_MS13C2DCM_C",3582289,3582289,810.127,5.485,2249,3799,"Acetyl CoA, 13C2","smp",NA,NA,NA,NA,NA
NA,NA,"180920_Smp_MS13C315m_A",3243282,3243282,810.127,5.484,2250.205,3799,"Acetyl CoA, 13C2","smp",NA,NA,NA,NA,NA
NA,NA,"180920_Smp_MS13C315m_B",1900887,1900887,810.127,5.493,812.3403,3799,"Acetyl CoA, 13C2","smp",NA,NA,NA,NA,NA
NA,NA,"180920_Smp_MS13C315m_C",3612587,3612587,810.127,5.489,2710.745,3799,"Acetyl CoA, 13C2","smp",NA,NA,NA,NA,NA
NA,NA,"180920_Smp_MS13C2175m_A",507579,507579,810.127,5.523,709.411,3799,"Acetyl CoA, 13C2","smp",NA,NA,NA,NA,NA
NA,NA,"180920_Smp_MS13C2175m_B",3476948,3476948,810.127,5.489,2259.271,3799,"Acetyl CoA, 13C2","smp",NA,NA,NA,NA,NA
NA,NA,"180920_Smp_MS13C2175m_C",3196995,3196995,810.127,5.491,1965.65,3799,"Acetyl CoA, 13C2","smp",NA,NA,NA,NA,NA
NA,NA,"180920_Smp_MS14C2DCM_A",1454021,1454021,810.127,5.503,625.8203,3799,"Acetyl CoA, 13C2","smp",NA,NA,NA,NA,NA
NA,NA,"180920_Smp_MS14C2DCM_B",4063288,4063288,810.127,5.485,2051.219,3799,"Acetyl CoA, 13C2","smp",NA,NA,NA,NA,NA
NA,NA,"180920_Smp_MS14C2DCM_C",4371009,4371009,810.127,5.487,2111.904,3799,"Acetyl CoA, 13C2","smp",NA,NA,NA,NA,NA
NA,NA,"180920_Smp_MS14C215m_A",3224280,3224280,810.127,5.489,1947.595,3799,"Acetyl CoA, 13C2","smp",NA,NA,NA,NA,NA
NA,NA,"180920_Smp_MS14C215m_B",3414925,3414925,810.127,5.487,2722.115,3799,"Acetyl CoA, 13C2","smp",NA,NA,NA,NA,NA
NA,NA,"180920_Smp_MS14C215m_C",3838588,3838588,810.127,5.491,2790.436,3799,"Acetyl CoA, 13C2","smp",NA,NA,NA,NA,NA
NA,NA,"180920_Smp_MS14C2175m_A",3566580,3566580,810.127,5.483,2548.68,3799,"Acetyl CoA, 13C2","smp",NA,NA,NA,NA,NA
NA,NA,"180920_Smp_MS14C2175m_B",3374010,3374010,810.127,5.484,1895.073,3799,"Acetyl CoA, 13C2","smp",NA,NA,NA,NA,NA
NA,NA,"180920_Smp_MS14C2175m_C",2206217,2206217,810.128,5.556,842.09,3799,"Acetyl CoA, 13C2","smp",NA,NA,NA,NA,NA
NA,NA,"180920_Std_4uMStdMix4InH2O_1",1227297,1227297,810.127,5.461,809.5424,3799,"Acetyl CoA, 13C2","std",NA,NA,NA,NA,NA
NA,NA,"180920_Std_4uMStdMix4InH2O_2",1635364,1635364,810.127,5.466,1322.401,3799,"Acetyl CoA, 13C2","std",NA,NA,NA,NA,NA
NA,NA,"180920_Std_4uMStdMix4InMatrix_1",2071751,2071751,810.127,5.472,1323.644,3799,"Acetyl CoA, 13C2","std",NA,NA,NA,NA,NA
NA,NA,"180920_Std_4uMStdMix4InMatrix_2",1845610,1845610,810.127,5.47,1328.49,3799,"Acetyl CoA, 13C2","std",NA,NA,NA,NA,NA
NA,NA,"180920_Std_H2OinMatrix_1",791480,791480,810.127,5.468,184.1565,3799,"Acetyl CoA, 13C2","std",NA,NA,NA,NA,NA
NA,NA,"180920_Std_H2OinMatrix_2",536058,536058,810.128,5.477,362.4196,3799,"Acetyl CoA, 13C2","std",NA,NA,NA,NA,NA
